Query,Execution Time (ms)
1,18.1272029876709
1,35.794973373413086
1,32.42921829223633
1,40.0998592376709
1,64.16916847229004
1,33.53595733642578
1,111.53674125671387
2,37.77313232421875
2,44.53587532043457
2,76.36809349060059
2,83.8479995727539
2,90.64388275146484
2,96.54498100280762
2,79.5447826385498
3,110.87918281555176
3,29.649972915649414
3,31.88800811767578
3,33.33687782287598
3,36.16786003112793
3,24.306058883666992
3,40.2069091796875
4,40.647268295288086
4,23.58388900756836
4,116.49107933044434
4,40.83108901977539
4,44.656991958618164
4,30.533790588378906
4,28.57494354248047
5,34.54279899597168
5,27.77099609375
5,37.96505928039551
5,28.630971908569336
5,27.399778366088867
5,27.602195739746094
5,29.688119888305664
6,20.190000534057617
6,105.9730052947998
6,27.772903442382812
6,37.412166595458984
6,39.443254470825195
6,41.63408279418945
6,87.2201919555664
7,28.308868408203125
7,28.880834579467773
7,34.77215766906738
7,36.00001335144043
7,27.92215347290039
7,28.70917320251465
7,31.567096710205078
8,25.567054748535156
8,95.03531455993652
8,30.75385093688965
8,53.25007438659668
8,33.22410583496094
8,46.08511924743652
8,47.32394218444824
9,35.033226013183594
9,28.545141220092773
9,47.6987361907959
9,30.705690383911133
9,31.142711639404297
9,25.784015655517578
9,25.691986083984375
10,37.57214546203613
10,32.72199630737305
10,24.760007858276367
10,73.54998588562012
10,19.457101821899414
10,33.52689743041992
10,50.35901069641113
11,24.557113647460938
11,15.877962112426758
11,27.767181396484375
11,16.81208610534668
11,32.22203254699707
11,33.42580795288086
11,39.151906967163086
12,21.544933319091797
12,22.343158721923828
12,12.737035751342773
12,43.50018501281738
12,52.30402946472168
12,53.66086959838867
12,21.87514305114746
13,15.105009078979492
13,27.31633186340332
13,27.070999145507812
13,14.789104461669922
13,31.06999397277832
13,31.988859176635742
13,26.664018630981445
14,45.88794708251953
14,12.767791748046875
14,30.46870231628418
14,17.535924911499023
14,29.851198196411133
14,29.968976974487305
14,30.2581787109375
15,44.84391212463379
15,31.4481258392334
15,18.58210563659668
15,26.243925094604492
15,19.655942916870117
15,21.228790283203125
15,20.74599266052246
16,17.448902130126953
16,42.814016342163086
16,15.667915344238281
16,47.30629920959473
16,16.85500144958496
16,17.277956008911133
16,16.97683334350586
17,11.71112060546875
17,20.067214965820312
17,12.566089630126953
17,32.14001655578613
17,19.939184188842773
17,22.95088768005371
17,21.255970001220703
18,39.923906326293945
18,36.72218322753906
18,15.872955322265625
18,29.495954513549805
18,24.190187454223633
18,25.72011947631836
18,24.958133697509766
19,16.395092010498047
19,12.540817260742188
19,22.702932357788086
19,17.51708984375
19,14.040231704711914
19,14.07623291015625
19,14.09006118774414
20,17.843961715698242
20,21.178007125854492
20,17.8530216217041
20,14.564275741577148
20,16.46900177001953
20,36.07606887817383
20,36.01980209350586
21,34.4088077545166
21,21.20208740234375
21,39.19100761413574
21,18.980979919433594
21,17.792940139770508
21,18.546104431152344
21,49.86310005187988
22,16.609907150268555
22,24.45220947265625
22,48.63882064819336
22,18.179893493652344
22,12.773752212524414
22,27.53305435180664
22,34.93618965148926
23,12.103080749511719
23,12.303829193115234
23,18.54419708251953
23,14.234781265258789
23,11.393070220947266
23,26.808977127075195
23,23.003816604614258
24,14.930248260498047
24,13.37289810180664
24,15.556097030639648
24,27.01401710510254
24,14.029979705810547
24,9.190797805786133
24,36.79990768432617
25,21.01302146911621
25,16.922712326049805
25,17.835140228271484
25,13.210296630859375
25,14.042854309082031
25,36.005258560180664
25,14.747142791748047
26,17.847061157226562
26,30.241012573242188
26,20.891189575195312
26,20.29109001159668
26,20.420074462890625
26,21.51799201965332
26,19.949913024902344
27,11.847972869873047
27,93.60718727111816
27,25.461912155151367
27,22.614002227783203
27,22.45807647705078
27,23.49996566772461
27,24.391889572143555
28,45.683860778808594
28,26.097774505615234
28,17.80390739440918
28,12.967824935913086
28,21.80194854736328
28,34.76595878601074
28,19.150257110595703
29,11.542797088623047
29,15.254020690917969
29,19.05512809753418
29,15.750885009765625
29,16.273975372314453
29,42.32287406921387
29,15.715837478637695
30,16.455888748168945
30,17.378807067871094
30,18.511056900024414
30,38.73300552368164
30,39.417266845703125
30,17.53067970275879
30,12.770891189575195
31,9.79304313659668
31,30.8837890625
31,13.607025146484375
31,15.28477668762207
31,15.302896499633789
31,16.145944595336914
31,17.157793045043945
32,21.08168601989746
32,13.31472396850586
32,9.639739990234375
32,11.633157730102539
32,11.861085891723633
32,13.149023056030273
32,12.240171432495117
33,9.442806243896484
33,14.17088508605957
33,20.97797393798828
33,14.808177947998047
33,15.06185531616211
33,14.828920364379883
33,24.480104446411133
34,27.935028076171875
34,23.881912231445312
34,54.14772033691406
34,24.74212646484375
34,28.615951538085938
34,14.499902725219727
34,14.477968215942383
35,58.92491340637207
35,29.448986053466797
35,17.034053802490234
35,31.10027313232422
35,28.543949127197266
35,52.97422409057617
35,19.988059997558594
36,18.65696907043457
36,14.860868453979492
36,54.05402183532715
36,41.932106018066406
36,31.267881393432617
36,38.52105140686035
36,30.04598617553711
37,37.371158599853516
37,17.47894287109375
37,33.818960189819336
37,43.479204177856445
37,17.533063888549805
37,16.198158264160156
37,18.219709396362305
38,28.717994689941406
38,24.353981018066406
38,33.58602523803711
38,29.065847396850586
38,17.880916595458984
38,16.336917877197266
38,40.216922760009766
39,23.65422248840332
39,10.162830352783203
39,42.040109634399414
39,21.651029586791992
39,43.853044509887695
39,17.1048641204834
39,32.47213363647461
40,31.677961349487305
40,14.342784881591797
40,141.10612869262695
40,29.098987579345703
40,19.79994773864746
40,18.583059310913086
40,24.74212646484375
41,11.749982833862305
41,17.998933792114258
41,15.486955642700195
41,21.975040435791016
41,13.72385025024414
41,32.14311599731445
41,21.192073822021484
42,18.54109764099121
42,12.305259704589844
42,17.21978187561035
42,87.37802505493164
42,30.04002571105957
42,16.980886459350586
42,17.806053161621094
43,26.18408203125
43,18.25094223022461
43,35.70127487182617
43,13.914108276367188
43,50.33588409423828
43,20.714998245239258
43,20.409107208251953
44,21.51203155517578
44,42.97804832458496
44,17.528057098388672
44,38.49983215332031
44,12.866973876953125
44,15.919923782348633
44,16.133785247802734
45,17.63296127319336
45,23.248910903930664
45,16.345739364624023
45,31.351804733276367
45,15.416145324707031
45,15.990018844604492
45,16.385793685913086
46,34.59596633911133
46,18.358707427978516
46,14.17684555053711
46,17.42267608642578
46,59.832096099853516
46,16.797304153442383
46,42.497873306274414
47,17.90904998779297
47,27.518033981323242
47,17.917871475219727
47,17.958879470825195
47,19.761085510253906
47,19.788026809692383
47,14.493942260742188
48,13.775110244750977
48,15.756845474243164
48,18.098115921020508
48,30.432939529418945
48,25.233030319213867
48,25.151968002319336
48,37.05716133117676
49,27.243852615356445
49,31.49700164794922
49,22.701025009155273
49,28.701305389404297
49,27.302265167236328
49,20.075082778930664
49,24.633169174194336
50,29.443025588989258
50,18.990755081176758
50,10.25390625
50,16.309022903442383
50,41.78309440612793
50,42.11091995239258
50,16.848087310791016
51,14.045238494873047
51,31.0819149017334
51,17.795085906982422
51,29.239177703857422
51,31.108856201171875
51,17.334938049316406
51,18.110990524291992
52,50.77195167541504
52,8.409738540649414
52,20.355939865112305
52,53.09009552001953
52,13.552188873291016
52,18.227100372314453
52,20.108699798583984
53,17.931699752807617
53,15.277862548828125
53,49.03984069824219
53,49.29304122924805
53,29.891252517700195
53,24.374723434448242
53,15.798091888427734
54,73.36592674255371
54,18.815279006958008
54,44.19302940368652
54,19.63520050048828
54,11.443853378295898
54,33.70499610900879
54,21.86441421508789
55,17.51089096069336
55,34.11293029785156
55,14.636039733886719
55,15.004873275756836
55,17.508983612060547
55,27.809858322143555
55,16.11185073852539
56,14.289140701293945
56,18.211841583251953
56,12.792110443115234
56,27.769088745117188
56,14.47296142578125
56,45.82095146179199
56,15.110969543457031
57,14.282941818237305
57,32.106876373291016
57,28.706073760986328
57,15.913009643554688
57,41.8848991394043
57,125.28777122497559
57,20.329952239990234
58,43.10178756713867
58,33.34307670593262
58,15.77901840209961
58,16.681909561157227
58,24.94502067565918
58,16.302824020385742
58,60.355186462402344
59,18.743038177490234
59,17.380237579345703
59,14.583826065063477
59,13.111114501953125
59,39.62898254394531
59,45.41492462158203
59,18.746137619018555
60,46.11682891845703
60,21.103858947753906
60,15.525102615356445
60,34.65700149536133
60,13.970136642456055
60,41.69130325317383
60,42.10472106933594
61,31.579971313476562
61,26.26204490661621
61,42.15192794799805
61,23.151874542236328
61,30.478239059448242
61,32.19318389892578
61,14.024019241333008
62,18.48578453063965
62,33.421993255615234
62,23.327350616455078
62,13.610124588012695
62,78.99785041809082
62,84.09309387207031
62,40.5430793762207
63,25.15411376953125
63,25.410175323486328
63,13.910055160522461
63,44.097185134887695
63,47.05405235290527
63,13.390302658081055
63,18.564701080322266
64,27.79698371887207
64,24.04308319091797
64,25.287866592407227
64,29.963016510009766
64,4.674673080444336
64,18.9208984375
64,36.473989486694336
65,16.544103622436523
65,21.433115005493164
65,11.12985610961914
65,21.278858184814453
65,28.026103973388672
65,16.263246536254883
65,17.89689064025879
66,15.76995849609375
66,19.849777221679688
66,47.11413383483887
66,19.244909286499023
66,14.736175537109375
66,13.164997100830078
66,15.33198356628418
67,36.38410568237305
67,22.402048110961914
67,23.915767669677734
67,12.372016906738281
67,33.50186347961426
67,12.529134750366211
67,17.290830612182617
68,16.47496223449707
68,14.171123504638672
68,24.71327781677246
68,26.118993759155273
68,29.50882911682129
68,48.29287528991699
68,24.370193481445312
69,21.992921829223633
69,13.768911361694336
69,11.388063430786133
69,17.07172393798828
69,12.327194213867188
69,15.27714729309082
69,13.768196105957031
70,11.545896530151367
70,29.118061065673828
70,8.18490982055664
70,10.93602180480957
70,17.71688461303711
70,30.946969985961914
70,20.238876342773438
71,33.650875091552734
71,14.422893524169922
71,16.902923583984375
71,14.317035675048828
71,22.09186553955078
71,36.45610809326172
71,38.44881057739258
72,15.920162200927734
72,33.70499610900879
72,19.242048263549805
72,25.725126266479492
72,9.992122650146484
72,22.962093353271484
72,14.393091201782227
73,32.94825553894043
73,18.085956573486328
73,61.96308135986328
73,73.19307327270508
73,25.688886642456055
73,41.81098937988281
73,20.74289321899414
74,31.684160232543945
74,16.482114791870117
74,45.06230354309082
74,18.39900016784668
74,11.322736740112305
74,9.754180908203125
74,36.775827407836914
75,35.52103042602539
75,26.0770320892334
75,95.39628028869629
75,35.37702560424805
75,23.04697036743164
75,34.18326377868652
75,26.341915130615234
76,35.75706481933594
76,20.3249454498291
76,29.855012893676758
76,14.79792594909668
76,43.45202445983887
76,14.954090118408203
76,13.900995254516602
77,15.74087142944336
77,17.174959182739258
77,20.958900451660156
77,18.387794494628906
77,12.125968933105469
77,16.6628360748291
77,14.590024948120117
78,27.655839920043945
78,40.64512252807617
78,19.994020462036133
78,31.91685676574707
78,38.84005546569824
78,13.563156127929688
78,49.401044845581055
79,22.13907241821289
79,15.940666198730469
79,52.765846252441406
79,30.670166015625
79,28.006792068481445
79,19.301891326904297
79,16.77107810974121
80,44.19088363647461
80,31.698942184448242
80,22.533893585205078
80,29.450178146362305
80,25.569915771484375
80,31.55994415283203
80,30.256032943725586
81,12.796163558959961
81,34.323930740356445
81,16.58487319946289
81,18.2802677154541
81,34.61194038391113
81,26.243925094604492
81,24.100780487060547
82,14.440059661865234
82,17.149925231933594
82,42.730093002319336
82,24.31797981262207
82,15.139102935791016
82,15.340805053710938
82,14.461994171142578
83,28.525114059448242
83,18.027067184448242
83,21.92401885986328
83,42.7248477935791
83,42.19794273376465
83,32.76681900024414
83,23.669719696044922
84,52.75678634643555
84,63.59696388244629
84,30.87902069091797
84,21.587848663330078
84,24.415969848632812
84,10.82611083984375
85,11.551856994628906
84,12.391090393066406
85,24.21092987060547
85,24.300813674926758
85,23.892879486083984
85,20.068883895874023
85,16.662120819091797
86,43.20096969604492
85,21.314144134521484
86,15.369892120361328
86,22.462129592895508
86,35.353899002075195
86,13.6260986328125
86,11.086702346801758
87,11.909961700439453
86,11.95979118347168
87,14.174938201904297
87,16.075849533081055
87,13.056039810180664
87,9.731769561767578
87,15.639066696166992
87,26.896953582763672
88,26.380062103271484
88,13.612985610961914
88,47.54519462585449
88,32.10115432739258
88,35.03894805908203
88,27.135133743286133
88,27.220964431762695
89,30.340909957885742
89,18.756866455078125
89,16.844987869262695
89,11.897087097167969
89,15.681982040405273
89,13.566255569458008
90,13.31782341003418
89,18.61286163330078
90,20.565032958984375
90,15.112161636352539
90,37.10794448852539
90,26.78394317626953
90,29.75320816040039
91,28.788089752197266
91,11.881351470947266
90,12.562036514282227
91,47.872066497802734
91,38.09499740600586
91,36.88764572143555
91,25.69293975830078
92,25.441884994506836
91,24.676799774169922
92,22.42302894592285
92,19.611120223999023
92,15.491724014282227
92,7.603168487548828
93,11.166810989379883
92,15.065908432006836
93,23.0710506439209
92,16.05701446533203
93,37.83297538757324
93,36.11397743225098
93,45.74084281921387
94,57.16872215270996
93,55.06420135498047
94,41.16320610046387
93,48.56109619140625
94,18.202781677246094
94,45.934200286865234
94,28.900146484375
95,33.390045166015625
94,19.123315811157227
95,36.756038665771484
94,17.29893684387207
95,19.93870735168457
95,26.057004928588867
95,20.157814025878906
96,23.709774017333984
95,18.655061721801758
96,16.223907470703125
95,42.199134826660156
96,11.853218078613281
96,11.850833892822266
96,15.691041946411133
97,9.58395004272461
96,42.91820526123047
97,11.225223541259766
96,17.637252807617188
97,18.425941467285156
97,19.140958786010742
97,56.960105895996094
98,16.051054000854492
97,44.61503028869629
98,54.16274070739746
97,56.72907829284668
98,37.352800369262695
98,37.68801689147949
98,28.970956802368164
99,33.33306312561035
98,27.17876434326172
99,38.86604309082031
98,27.489900588989258
99,27.16517448425293
99,27.66704559326172
99,24.533987045288086
100,40.19618034362793
99,44.14796829223633
100,30.186891555786133
99,17.954111099243164
100,18.26000213623047
100,18.373966217041016
100,26.733875274658203
100,16.47186279296875
101,12.305021286010742
101,18.2950496673584
100,57.385921478271484
101,10.594844818115234
101,11.933088302612305
101,13.427019119262695
101,63.14206123352051
102,30.219078063964844
102,33.49471092224121
101,46.80800437927246
102,11.587858200073242
102,12.375116348266602
102,46.44918441772461
103,35.52889823913574
102,12.517213821411133
103,20.52783966064453
102,11.678934097290039
103,43.41626167297363
103,23.72598648071289
103,17.829179763793945
104,39.968013763427734
103,45.75204849243164
104,41.545867919921875
103,34.60216522216797
104,15.127182006835938
104,17.745256423950195
104,26.276111602783203
105,34.5919132232666
104,25.319814682006836
105,13.875007629394531
104,26.51190757751465
105,23.766040802001953
105,12.54892349243164
105,29.227018356323242
106,29.84905242919922
105,60.7151985168457
106,16.16501808166504
105,37.156105041503906
106,16.11495018005371
106,41.86296463012695
106,29.799938201904297
107,20.879268646240234
106,16.07513427734375
107,16.434907913208008
106,31.6927433013916
107,11.170148849487305
107,10.652780532836914
107,15.27094841003418
107,11.454343795776367
108,15.594005584716797
107,15.718936920166016
108,63.4768009185791
108,35.29191017150879
108,16.22295379638672
108,27.034759521484375
109,15.89822769165039
108,15.993118286132812
108,15.318870544433594
109,17.869949340820312
109,16.690969467163086
109,87.85510063171387
109,40.64512252807617
110,21.456241607666016
109,32.20200538635254
109,38.84625434875488
110,21.402835845947266
110,19.426822662353516
110,18.84174346923828
110,23.576021194458008
111,27.966976165771484
110,21.189212799072266
110,22.06277847290039
111,43.0300235748291
111,33.772945404052734
111,34.78407859802246
111,21.73900604248047
112,22.812843322753906
111,131.9568157196045
111,132.20596313476562
112,20.381927490234375
112,16.683101654052734
112,16.32404327392578
112,32.24492073059082
113,54.4590950012207
112,64.95380401611328
112,66.4069652557373
113,17.90618896484375
113,28.180837631225586
113,11.117219924926758
113,21.392822265625
114,14.006853103637695
113,18.356800079345703
113,39.000749588012695
114,16.36028289794922
114,42.60897636413574
114,24.398088455200195
114,32.48786926269531
115,127.52485275268555
114,63.561201095581055
114,42.756080627441406
115,59.66591835021973
115,12.09402084350586
115,26.285886764526367
115,27.297019958496094
116,29.78515625
115,11.154890060424805
115,15.112876892089844
116,9.830951690673828
116,15.149831771850586
116,17.80104637145996
116,19.823074340820312
117,24.792194366455078
116,11.569976806640625
116,15.17486572265625
117,16.24298095703125
117,38.67316246032715
117,39.83712196350098
117,51.08499526977539
117,27.784109115600586
118,23.65279197692871
118,23.844242095947266
117,41.54706001281738
118,22.56608009338379
118,23.19478988647461
118,27.041196823120117
118,14.881134033203125
119,12.709856033325195
119,14.929771423339844
118,17.768144607543945
119,11.042118072509766
119,14.976978302001953
119,29.453039169311523
119,39.666175842285156
120,40.02714157104492
120,26.172876358032227
119,44.08001899719238
120,32.20701217651367
120,25.481224060058594
120,21.185874938964844
121,21.914958953857422
120,23.49686622619629
121,18.832921981811523
120,17.010211944580078
121,13.087034225463867
121,20.339012145996094
121,31.594038009643555
122,97.14317321777344
121,97.52583503723145
122,56.70523643493652
121,49.365997314453125
122,16.00193977355957
122,36.81826591491699
122,14.681100845336914
122,17.639875411987305
123,17.045021057128906
123,15.739202499389648
122,20.221948623657227
123,16.36195182800293
123,27.291297912597656
123,15.04206657409668
124,42.25516319274902
123,43.003082275390625
124,40.29583930969238
123,34.57999229431152
124,25.018930435180664
124,26.919126510620117
124,45.08185386657715
125,47.679901123046875
124,21.150827407836914
125,12.769937515258789
124,32.82880783081055
125,53.7412166595459
125,40.67111015319824
125,17.720937728881836
126,19.704103469848633
125,11.861085891723633
126,14.07003402709961
125,10.986804962158203
126,28.02109718322754
126,11.306285858154297
126,9.797096252441406
127,15.44499397277832
127,15.824317932128906
126,30.38191795349121
126,22.726058959960938
127,69.30398941040039
127,27.804136276245117
127,25.660037994384766
128,12.98213005065918
128,14.164924621582031
127,47.77026176452637
127,34.52587127685547
128,42.93203353881836
128,44.368743896484375
128,15.403032302856445
129,37.92881965637207
129,43.86568069458008
128,51.846981048583984
128,42.23775863647461
129,29.41608428955078
129,15.948057174682617
129,22.986888885498047
130,19.42610740661621
130,45.255184173583984
129,38.1159782409668
129,19.12379264831543
130,41.226863861083984
130,28.162002563476562
130,15.440940856933594
131,16.02005958557129
131,13.321876525878906
130,7.671117782592773
130,38.97809982299805
131,41.964054107666016
131,19.3631649017334
131,27.257680892944336
131,30.476093292236328
132,12.135744094848633
132,15.820026397705078
131,14.936208724975586
132,14.694929122924805
132,16.62588119506836
132,25.037050247192383
132,13.978004455566406
133,26.552677154541016
133,16.058921813964844
132,12.269020080566406
133,33.496856689453125
133,33.58006477355957
133,14.992952346801758
134,24.210214614868164
133,24.57714080810547
134,20.463943481445312
133,24.507999420166016
134,8.274078369140625
134,24.071931838989258
134,35.37392616271973
135,19.080162048339844
134,11.004924774169922
135,16.932010650634766
134,16.351938247680664
135,16.694068908691406
135,14.87278938293457
135,16.84713363647461
136,20.43890953063965
135,16.35003089904785
136,16.701221466064453
135,21.02971076965332
136,17.215967178344727
136,23.175716400146484
136,22.839784622192383
137,15.443086624145508
136,16.495943069458008
137,19.90509033203125
136,14.981269836425781
137,35.32075881958008
137,59.13496017456055
137,16.618967056274414
138,12.580156326293945
137,28.70774269104004
138,16.69001579284668
137,12.582063674926758
138,22.993803024291992
138,12.565135955810547
138,11.664867401123047
139,21.942138671875
138,24.713993072509766
139,23.5898494720459
138,30.68399429321289
139,19.09017562866211
139,49.75414276123047
139,33.357858657836914
140,29.237031936645508
139,13.844966888427734
140,16.268014907836914
139,19.304275512695312
140,14.566898345947266
140,16.254901885986328
140,19.5159912109375
141,19.61517333984375
140,16.06297492980957
141,24.229049682617188
140,19.075870513916016
141,26.81279182434082
141,21.368980407714844
141,16.2808895111084
142,14.750003814697266
141,15.125036239624023
142,16.50404930114746
141,21.255970001220703
142,22.228002548217773
142,20.62392234802246
142,31.854867935180664
143,18.414735794067383
142,45.87697982788086
143,12.546062469482422
142,17.547130584716797
143,14.698982238769531
143,30.526161193847656
143,12.869834899902344
144,15.796899795532227
143,12.959003448486328
144,9.645700454711914
143,11.780977249145508
144,15.942096710205078
144,47.91688919067383
144,19.49596405029297
145,9.227991104125977
144,43.49088668823242
145,15.681028366088867
144,19.343852996826172
145,16.89887046813965
145,31.61787986755371
145,30.048847198486328
146,12.388944625854492
145,24.676799774169922
146,46.861886978149414
145,22.333860397338867
146,19.222021102905273
146,23.283004760742188
146,19.861936569213867
147,38.001060485839844
146,39.628028869628906
147,50.894975662231445
146,23.60391616821289
147,18.8748836517334
147,30.62915802001953
147,27.868986129760742
148,27.151823043823242
147,22.764921188354492
148,14.778852462768555
147,30.68709373474121
148,17.325162887573242
148,17.512083053588867
148,11.662006378173828
148,47.2567081451416
149,46.405792236328125
149,44.973134994506836
148,13.193845748901367
149,19.967079162597656
149,15.112876892089844
149,17.68016815185547
150,19.865036010742188
150,30.302762985229492
149,30.636072158813477
149,37.58692741394043
150,13.330221176147461
150,17.513036727905273
150,20.550251007080078
151,20.051956176757812
150,26.24201774597168
151,29.66785430908203
150,47.09911346435547
151,27.53901481628418
151,19.14191246032715
151,21.880149841308594
152,33.34975242614746
152,27.083158493041992
151,27.825117111206055
151,31.48794174194336
152,17.39192008972168
152,16.288042068481445
152,15.2740478515625
153,35.23612022399902
152,44.680118560791016
153,44.673919677734375
152,21.660327911376953
153,13.576269149780273
153,13.637065887451172
153,15.863180160522461
154,26.849031448364258
153,11.44099235534668
154,13.612985610961914
153,27.03571319580078
154,24.721860885620117
154,15.677928924560547
154,35.63284873962402
154,14.351844787597656
155,14.256954193115234
155,15.934944152832031
154,44.90017890930176
155,36.56888008117676
155,39.14904594421387
155,15.231847763061523
155,30.11918067932129
156,19.67597007751465
156,37.893056869506836
155,19.18792724609375
156,20.680904388427734
156,14.50204849243164
156,28.259992599487305
156,26.500940322875977
157,15.794992446899414
157,16.68715476989746
156,18.18227767944336
157,46.77224159240723
157,16.768932342529297
157,22.867918014526367
157,12.533903121948242
158,22.552013397216797
158,28.649091720581055
157,11.540889739990234
158,18.663883209228516
158,42.45400428771973
158,15.35487174987793
158,12.535810470581055
159,17.878055572509766
159,54.84914779663086
158,66.55383110046387
159,28.44071388244629
159,34.414052963256836
159,17.513036727905273
159,17.48490333557129
160,16.47472381591797
160,9.823083877563477
159,17.904996871948242
160,34.3930721282959
160,13.851165771484375
160,38.51437568664551
160,13.215065002441406
161,20.801782608032227
161,37.489891052246094
160,37.5056266784668
161,17.45891571044922
161,11.919260025024414
161,14.438867568969727
161,15.088319778442383
162,26.858091354370117
162,16.255855560302734
161,31.661033630371094
162,13.692855834960938
162,21.934986114501953
162,21.619081497192383
162,37.992000579833984
163,16.775846481323242
163,16.409873962402344
162,18.800020217895508
163,17.3799991607666
163,14.950275421142578
163,33.653974533081055
163,14.713764190673828
164,12.840032577514648
164,17.84205436706543
163,13.942956924438477
164,24.9330997467041
164,21.26932144165039
164,15.948057174682617
164,16.35003089904785
165,33.64920616149902
165,36.869049072265625
164,34.4541072845459
165,41.35894775390625
165,40.0698184967041
165,35.20011901855469
165,14.734745025634766
166,42.57607460021973
166,11.306047439575195
165,15.832185745239258
166,22.238969802856445
166,21.95572853088379
166,24.050235748291016
166,30.33590316772461
167,90.3780460357666
167,36.942243576049805
166,30.712127685546875
167,17.49587059020996
167,33.77795219421387
167,36.97776794433594
167,17.38905906677246
168,21.708965301513672
168,26.47089958190918
167,80.36684989929199
168,23.77796173095703
168,17.480850219726562
168,12.202978134155273
168,34.48009490966797
169,17.05765724182129
169,17.197132110595703
168,64.66364860534668
169,28.149843215942383
169,13.76199722290039
169,16.79205894470215
169,18.677949905395508
170,67.8861141204834
170,68.59111785888672
169,17.080068588256836
170,25.80714225769043
170,13.356685638427734
170,33.093929290771484
170,21.27218246459961
171,39.91198539733887
171,46.324968338012695
170,28.283119201660156
171,23.529052734375
171,22.968769073486328
171,17.6241397857666
171,32.64784812927246
172,16.121864318847656
172,16.30878448486328
171,15.134811401367188
172,33.37907791137695
172,58.917999267578125
172,18.661022186279297
172,30.447959899902344
173,19.082069396972656
173,41.223764419555664
172,16.947031021118164
173,16.141176223754883
173,17.25006103515625
173,42.3731803894043
173,21.608829498291016
174,78.52697372436523
174,86.95316314697266
173,32.56821632385254
174,73.70495796203613
174,44.695138931274414
174,11.40284538269043
174,18.89801025390625
175,15.177249908447266
175,16.863107681274414
174,20.0650691986084
175,50.8270263671875
175,22.291183471679688
175,31.768083572387695
175,16.646146774291992
176,23.07915687561035
176,6.737947463989258
175,24.763107299804688
176,12.94398307800293
176,28.929948806762695
176,12.104988098144531
176,20.416975021362305
177,25.199174880981445
177,26.227235794067383
176,12.221813201904297
177,16.58177375793457
177,14.024019241333008
177,31.625986099243164
177,45.081138610839844
178,15.794992446899414
178,22.249937057495117
177,15.582799911499023
178,14.400005340576172
178,17.014026641845703
178,16.371965408325195
178,23.658037185668945
179,21.406888961791992
179,20.961999893188477
178,13.61989974975586
179,27.57716178894043
179,14.722824096679688
179,15.491724014282227
179,60.317277908325195
180,35.9652042388916
180,55.75728416442871
179,35.06112098693848
180,34.70802307128906
180,20.333051681518555
180,20.186901092529297
180,17.998218536376953
181,14.87421989440918
181,14.829158782958984
180,19.73414421081543
181,48.229217529296875
181,18.11385154724121
181,91.87602996826172
181,23.83899688720703
182,16.072988510131836
182,16.268014907836914
181,31.716108322143555
182,40.11201858520508
182,36.87906265258789
182,12.030363082885742
182,16.070842742919922
183,24.530887603759766
183,396.87204360961914
182,35.44902801513672
183,31.697750091552734
183,21.967172622680664
183,21.544933319091797
184,21.686077117919922
183,37.197113037109375
184,19.7141170501709
183,36.798954010009766
184,48.165082931518555
184,36.52811050415039
184,20.37191390991211
185,16.11614227294922
184,17.750024795532227
185,15.703916549682617
184,17.096996307373047
185,11.883020401000977
185,13.878822326660156
185,19.656896591186523
186,24.03712272644043
185,75.19793510437012
186,31.704187393188477
185,170.29190063476562
186,27.1909236907959
186,17.930030822753906
186,18.83411407470703
187,104.0959358215332
186,15.383005142211914
187,18.407344818115234
186,14.27602767944336
187,24.225950241088867
187,20.35832405090332
187,14.413118362426758
188,17.058134078979492
187,262.3450756072998
188,53.99966239929199
187,33.34689140319824
188,43.43605041503906
188,24.992942810058594
188,12.69388198852539
189,37.18972206115723
188,18.47696304321289
189,15.432119369506836
188,13.23080062866211
189,36.00788116455078
189,44.599056243896484
189,32.238006591796875
190,28.8240909576416
189,47.545671463012695
190,42.85168647766113
189,14.577150344848633
190,29.42800521850586
190,16.204833984375
190,14.8773193359375
191,32.14597702026367
190,16.74199104309082
191,30.483007431030273
190,27.560949325561523
191,11.65318489074707
191,28.071165084838867
191,16.601085662841797
192,13.955116271972656
191,11.632919311523438
192,21.625280380249023
191,10.96796989440918
192,16.27802848815918
192,17.58885383605957
192,26.55506134033203
193,18.671035766601562
192,25.202274322509766
193,20.92123031616211
192,12.99905776977539
193,11.478185653686523
193,12.223958969116211
193,39.57414627075195
194,45.23801803588867
193,62.8809928894043
194,59.728145599365234
193,41.94307327270508
194,76.22885704040527
194,38.32077980041504
194,45.67909240722656
195,12.796163558959961
194,29.504060745239258
195,25.19679069519043
194,19.411802291870117
195,11.754035949707031
195,35.75396537780762
195,41.76902770996094
196,35.006046295166016
195,38.09094429016113
196,26.33500099182129
195,36.40913963317871
196,20.057201385498047
196,32.256126403808594
196,13.485193252563477
197,16.487836837768555
196,29.433012008666992
197,29.172897338867188
196,18.19920539855957
197,15.391111373901367
197,15.710115432739258
197,48.65312576293945
198,10.212898254394531
197,20.675182342529297
198,23.0560302734375
197,22.1099853515625
198,36.57698631286621
198,16.413211822509766
198,40.47417640686035
199,17.64202117919922
198,14.446020126342773
199,12.612104415893555
198,17.893075942993164
199,15.398979187011719
199,32.1650505065918
199,59.240102767944336
200,49.52716827392578
199,46.3109016418457
200,17.657995223999023
199,25.762081146240234
200,14.620065689086914
200,10.842084884643555
200,10.870218276977539
200,14.534950256347656
201,14.44101333618164
201,27.24289894104004
200,10.92982292175293
201,22.26996421813965
201,25.54607391357422
201,15.734195709228516
202,37.10007667541504
201,37.470102310180664
202,21.329879760742188
201,16.20626449584961
202,11.536836624145508
202,20.767927169799805
202,17.751693725585938
202,16.20197296142578
203,34.89995002746582
203,17.527103424072266
202,17.460107803344727
203,15.590906143188477
203,24.948835372924805
203,35.256147384643555
203,15.462875366210938
204,15.260934829711914
204,26.885032653808594
203,16.75105094909668
204,19.749879837036133
204,14.380693435668945
204,23.72121810913086
204,36.68618202209473
205,26.244163513183594
205,15.151023864746094
205,23.206233978271484
204,14.401912689208984
205,31.99911117553711
205,27.521848678588867
205,17.132997512817383
206,16.5863037109375
206,10.769844055175781
206,18.849849700927734
205,14.850854873657227
206,38.600921630859375
206,20.55215835571289
206,18.751859664916992
207,18.587112426757812
207,28.00583839416504
207,57.79409408569336
206,40.582895278930664
207,23.931264877319336
207,18.227815628051758
207,15.009880065917969
208,15.100240707397461
208,33.030033111572266
208,15.00701904296875
207,10.342121124267578
208,18.741130828857422
208,35.064697265625
208,10.159015655517578
209,15.70892333984375
209,31.36301040649414
209,29.343843460083008
208,21.692991256713867
209,40.268898010253906
209,16.035079956054688
209,18.493175506591797
210,18.712997436523438
210,26.163101196289062
210,16.200780868530273
209,16.412973403930664
210,16.003131866455078
210,15.614986419677734
210,30.863046646118164
211,22.24898338317871
211,16.243934631347656
211,21.587848663330078
210,16.585111618041992
211,15.492916107177734
211,10.888338088989258
211,26.940107345581055
212,45.471906661987305
212,22.08709716796875
212,24.585247039794922
211,26.119232177734375
212,26.33810043334961
212,49.27706718444824
212,15.074968338012695
213,31.891822814941406
213,24.384021759033203
213,36.99302673339844
212,18.232107162475586
213,34.66916084289551
213,14.887809753417969
213,27.73308753967285
214,15.424013137817383
214,8.885860443115234
214,11.991024017333984
213,17.15874671936035
214,17.755746841430664
214,28.368234634399414
214,34.97910499572754
215,9.093046188354492
215,12.163162231445312
215,14.790773391723633
214,10.524988174438477
215,10.483980178833008
215,13.661861419677734
215,36.562204360961914
216,11.783838272094727
216,8.146047592163086
216,10.839223861694336
215,10.875940322875977
216,21.7130184173584
216,11.197090148925781
216,25.197982788085938
217,7.895946502685547
217,9.83572006225586
217,10.81395149230957
216,13.261795043945312
217,21.35014533996582
217,20.4927921295166
218,8.317947387695312
217,9.266138076782227
218,7.6770782470703125
217,2.4671554565429688
218,3.284931182861328
218,134.03797149658203
218,33.041954040527344
219,28.80406379699707
218,20.364046096801758
219,21.416187286376953
218,23.854970932006836
219,19.323110580444336
219,16.16382598876953
219,48.94590377807617
220,15.786886215209961
219,22.791147232055664
220,15.52891731262207
220,16.49308204650879
219,11.876821517944336
220,31.794071197509766
221,13.847112655639648
220,6.519079208374023
220,29.906034469604492
221,32.18698501586914
221,17.420053482055664
220,27.656078338623047
221,36.50188446044922
222,12.215137481689453
221,19.507884979248047
222,17.261028289794922
221,26.340007781982422
222,14.156103134155273
221,25.686979293823242
222,23.740291595458984
223,11.61503791809082
222,9.079933166503906
222,24.74188804626465
223,20.936250686645508
223,11.671066284179688
222,18.32890510559082
223,10.058164596557617
224,13.24009895324707
223,25.029897689819336
224,15.727043151855469
223,11.316776275634766
224,5.648136138916016
223,10.791778564453125
224,1.5769004821777344
224,50.10104179382324
225,14.889955520629883
225,17.12179183959961
224,5.912065505981445
224,11.083841323852539
225,10.587215423583984
225,16.878128051757812
225,6.789922714233398
226,28.1829833984375
225,4.0798187255859375
226,15.850067138671875
225,14.490127563476562
226,38.54513168334961
226,13.366937637329102
226,15.92707633972168
227,10.904788970947266
226,6.881952285766602
227,22.31001853942871
226,22.557973861694336
227,12.111902236938477
227,4.624128341674805
227,10.694026947021484
228,2.409219741821289
227,13.078689575195312
228,23.28014373779297
228,25.246858596801758
227,33.82396697998047
228,27.039051055908203
228,44.34394836425781
229,13.328790664672852
228,34.322261810302734
228,10.065793991088867
229,11.960744857788086
229,16.060829162597656
229,10.432958602905273
229,24.58786964416504
230,13.067007064819336
229,22.482872009277344
230,18.631935119628906
230,23.077011108398438
229,10.98179817199707
230,14.608144760131836
230,26.654958724975586
231,15.860795974731445
230,6.273031234741211
230,9.201288223266602
231,15.88892936706543
231,18.266916275024414
231,14.065027236938477
231,13.550996780395508
232,16.919851303100586
231,32.598018646240234
232,5.934953689575195
231,32.09280967712402
232,13.24605941772461
232,12.701034545898438
232,11.754035949707031
232,9.563684463500977
233,9.650945663452148
233,10.19287109375
233,8.98599624633789
232,22.099018096923828
233,28.5799503326416
233,14.719009399414062
234,6.766796112060547
233,30.160903930664062
234,30.518054962158203
234,16.644954681396484
233,10.010719299316406
234,7.34710693359375
234,9.240150451660156
235,9.542226791381836
234,12.95614242553711
235,24.65987205505371
235,13.71908187866211
234,30.98893165588379
235,28.62095832824707
236,20.340919494628906
235,30.534982681274414
235,10.590076446533203
236,25.8481502532959
235,11.973142623901367
236,22.183895111083984
236,7.795095443725586
236,18.112897872924805
237,8.273839950561523
236,14.539003372192383
237,11.935949325561523
236,13.122081756591797
237,14.373064041137695
237,17.573833465576172
237,25.66385269165039
238,12.346267700195312
237,32.731056213378906
238,22.188901901245117
237,25.348901748657227
238,27.966022491455078
238,13.346195220947266
238,18.922090530395508
239,11.977910995483398
238,6.54911994934082
239,10.528087615966797
238,12.557029724121094
239,10.030746459960938
239,26.140213012695312
239,23.531198501586914
240,14.62697982788086
239,10.129213333129883
240,13.750076293945312
239,16.860008239746094
240,19.369840621948242
240,12.63570785522461
240,19.469022750854492
241,11.448860168457031
240,12.158870697021484
241,9.303092956542969
240,10.866165161132812
241,19.730806350708008
241,17.045021057128906
241,26.907920837402344
242,7.424831390380859
241,27.29201316833496
242,22.996902465820312
241,14.29295539855957
242,14.346122741699219
242,29.675960540771484
242,11.64388656616211
243,10.182857513427734
242,8.849143981933594
243,11.876106262207031
242,11.078834533691406
243,14.155149459838867
243,9.171009063720703
243,13.895750045776367
243,8.734941482543945
244,10.942935943603516
244,12.617826461791992
243,5.248069763183594
244,21.70395851135254
244,10.398149490356445
244,29.171228408813477
244,7.119178771972656
245,10.94198226928711
245,13.861894607543945
244,22.41802215576172
245,32.533884048461914
245,21.561861038208008
245,17.915725708007812
245,44.654130935668945
246,12.303829193115234
246,8.03685188293457
245,13.65804672241211
246,4.493951797485352
246,19.878864288330078
246,9.383916854858398
246,25.902986526489258
247,11.66987419128418
247,15.376091003417969
246,10.950088500976562
247,20.983219146728516
247,10.554075241088867
248,13.226032257080078
247,11.089801788330078
247,13.226985931396484
248,25.943994522094727
248,10.849952697753906
247,7.966041564941406
249,17.575979232788086
248,7.109880447387695
248,22.151947021484375
248,5.301952362060547
249,16.860246658325195
248,33.83588790893555
249,6.876945495605469
250,35.11404991149902
249,10.303020477294922
249,12.407064437866211
249,16.952037811279297
250,6.56580924987793
250,6.34002685546875
249,14.143943786621094
251,18.497943878173828
250,7.602930068969727
250,12.14289665222168
250,11.157035827636719
251,15.352010726928711
251,17.271041870117188
250,11.457204818725586
252,24.253368377685547
251,10.209083557128906
251,20.494699478149414
251,21.59905433654785
252,5.028009414672852
252,7.460832595825195
251,8.783102035522461
253,12.367725372314453
252,11.723995208740234
252,15.908002853393555
252,8.327960968017578
253,28.66983413696289
253,18.04804801940918
252,24.5821475982666
254,13.031244277954102
253,12.084245681762695
253,21.619796752929688
253,20.663976669311523
254,6.310939788818359
254,20.51091194152832
255,8.029937744140625
253,8.15582275390625
254,25.411128997802734
254,13.447046279907227
254,10.71619987487793
255,8.730888366699219
255,10.37907600402832
256,10.756969451904297
254,13.861894607543945
255,12.753009796142578
255,2.4046897888183594
255,5.207061767578125
256,19.201040267944336
256,37.33515739440918
257,35.54892539978027
255,35.99715232849121
256,37.11724281311035
256,43.578147888183594
256,22.967100143432617
257,16.781091690063477
257,41.12410545349121
258,41.220903396606445
256,30.26413917541504
257,14.947175979614258
257,14.758825302124023
257,29.151201248168945
258,12.757062911987305
258,10.544300079345703
259,10.274171829223633
258,21.821975708007812
258,15.401124954223633
257,30.863046646118164
258,9.267091751098633
259,14.904975891113281
259,28.76114845275879
260,2.605915069580078
259,32.87196159362793
258,30.436992645263672
259,15.897989273071289
259,9.977102279663086
260,6.93202018737793
260,12.762069702148438
261,17.769813537597656
260,1.8849372863769531
259,3.725767135620117
260,110.94999313354492
260,8.658885955810547
261,6.564855575561523
261,27.93097496032715
261,15.390872955322266
262,24.84583854675293
260,10.473012924194336
261,5.7506561279296875
261,10.257959365844727
262,16.713857650756836
262,7.513284683227539
262,19.9282169342041
263,66.69402122497559
261,29.970169067382812
262,26.115894317626953
262,17.0290470123291
263,33.747196197509766
263,29.307842254638672
264,21.923065185546875
263,14.040946960449219
262,12.01009750366211
263,7.796049118041992
263,8.357763290405273
264,10.863780975341797
264,10.174989700317383
265,9.447336196899414
264,30.75575828552246
263,20.924091339111328
264,9.742021560668945
264,10.606765747070312
265,10.931968688964844
265,15.066146850585938
265,10.370016098022461
266,12.282133102416992
264,7.656097412109375
265,14.200687408447266
265,16.932964324951172
266,9.499073028564453
266,12.620210647583008
266,14.192342758178711
267,53.18021774291992
265,14.133691787719727
266,24.213075637817383
266,22.825002670288086
267,16.770124435424805
267,23.749828338623047
267,11.40284538269043
268,15.503168106079102
266,24.118900299072266
267,11.304140090942383
267,42.80281066894531
268,31.369924545288086
268,44.064998626708984
268,11.157989501953125
269,7.254838943481445
267,13.173103332519531
268,19.927978515625
268,16.909122467041016
269,11.75689697265625
269,20.81465721130371
269,10.455846786499023
270,8.831024169921875
268,30.302047729492188
269,25.587081909179688
270,32.27710723876953
269,6.106853485107422
270,17.858028411865234
270,7.608175277709961
270,3.528118133544922
271,28.59783172607422
269,19.866228103637695
271,18.240928649902344
270,29.870271682739258
271,23.488759994506836
271,11.442184448242188
270,7.128000259399414
271,9.425878524780273
272,10.47515869140625
272,15.339851379394531
271,12.887954711914062
272,17.487764358520508
272,14.772891998291016
271,9.533882141113281
273,7.375001907348633
272,9.645938873291016
273,16.180038452148438
272,11.739969253540039
273,31.59308433532715
273,15.105009078979492
272,25.6650447845459
273,24.161815643310547
274,23.092031478881836
274,24.619102478027344
273,21.322011947631836
274,32.11379051208496
274,13.629913330078125
275,12.372016906738281
273,10.001897811889648
274,50.96721649169922
275,13.089895248413086
274,15.279769897460938
275,18.013954162597656
275,9.881019592285156
274,24.51467514038086
276,31.707048416137695
275,13.376951217651367
276,8.485078811645508
275,12.425899505615234
276,10.707378387451172
276,18.517017364501953
277,7.560014724731445
276,25.000810623168945
275,10.75601577758789
276,10.23101806640625
277,41.48101806640625
277,8.748054504394531
277,3.8771629333496094
277,6.534814834594727
278,12.096166610717773
276,21.81410789489746
277,1.9519329071044922
278,2.6769638061523438
278,5.28407096862793
278,21.45099639892578
279,23.183107376098633
278,10.88261604309082
279,21.648168563842773
277,19.3941593170166
279,1.9369125366210938
278,32.43112564086914
279,11.749029159545898
279,13.653755187988281
280,10.162830352783203
280,9.68027114868164
280,8.105993270874023
278,7.147789001464844
279,12.646913528442383
280,13.67497444152832
280,21.94976806640625
281,20.909786224365234
281,9.058952331542969
281,10.463953018188477
279,9.058237075805664
280,15.343189239501953
281,31.35514259338379
281,11.995792388916016
282,9.807109832763672
282,20.754098892211914
282,89.04075622558594
280,28.15103530883789
281,22.265195846557617
282,30.49182891845703
282,14.266014099121094
283,5.176067352294922
283,13.148784637451172
283,65.34600257873535
282,10.954141616821289
281,6.862163543701172
284,2.8710365295410156
282,1.2998580932617188
283,1.5931129455566406
284,3.426790237426758
283,191.25771522521973
284,9.190082550048828
285,22.47309684753418
283,140.08092880249023
285,20.204782485961914
283,47.553062438964844
284,29.356956481933594
285,33.9961051940918
284,30.374765396118164
286,8.976936340332031
286,34.40999984741211
284,11.333942413330078
284,13.579845428466797
285,19.20604705810547
285,20.200014114379883
286,22.99189567565918
287,10.978221893310547
285,6.742954254150391
287,21.587848663330078
285,18.38088035583496
286,11.298894882202148
286,10.576248168945312
287,24.52397346496582
288,19.95682716369629
286,20.85709571838379
288,24.74188804626465
286,40.389060974121094
287,11.610031127929688
287,8.483171463012695
288,37.1088981628418
287,26.337146759033203
289,12.959957122802734
289,21.75164222717285
287,14.465093612670898
288,29.562950134277344
288,14.281988143920898
289,114.29405212402344
288,19.32501792907715
290,86.20691299438477
290,31.167030334472656
288,9.578943252563477
289,11.306047439575195
289,18.618106842041016
289,11.736869812011719
290,14.281988143920898
291,8.99505615234375
291,15.908956527709961
289,9.347200393676758
290,7.045269012451172
290,9.08207893371582
290,19.053936004638672
291,16.855955123901367
292,32.64617919921875
292,35.29620170593262
290,8.591890335083008
291,1.935720443725586
291,40.78793525695801
292,83.24790000915527
291,24.63507652282715
293,37.145137786865234
293,6.255149841308594
291,19.588232040405273
292,10.612010955810547
292,11.059045791625977
293,12.328863143920898
292,14.107942581176758
294,16.7849063873291
294,27.165889739990234
292,19.234895706176758
293,10.298967361450195
293,27.287006378173828
294,9.645700454711914
293,11.738777160644531
295,21.589994430541992
295,10.655879974365234
293,12.18104362487793
294,9.58395004272461
294,22.693157196044922
295,22.014856338500977
294,2.123117446899414
296,24.200916290283203
296,21.126985549926758
294,21.07095718383789
295,10.828018188476562
295,12.805938720703125
296,8.668184280395508
295,15.198945999145508
296,11.373043060302734
297,14.708280563354492
297,19.324064254760742
295,13.457059860229492
296,10.946989059448242
297,9.64975357055664
296,24.857759475708008
297,7.845878601074219
298,10.603189468383789
298,75.6540298461914
296,28.902053833007812
298,30.94768524169922
297,37.631988525390625
297,34.37995910644531
298,17.396926879882812
299,21.129131317138672
299,6.889820098876953
297,9.536981582641602
298,8.738994598388672
298,10.04791259765625
299,8.387088775634766
299,9.842157363891602
300,24.86705780029297
300,7.519006729125977
298,13.633966445922852
299,15.006303787231445
300,11.651992797851562
299,10.196208953857422
300,9.293079376220703
301,7.8220367431640625
301,14.060020446777344
299,9.514808654785156
300,8.127927780151367
301,10.867118835449219
300,8.671045303344727
301,11.155128479003906
302,9.076833724975586
302,11.28077507019043
300,6.814002990722656
302,3.7691593170166016
301,8.971929550170898
301,13.344049453735352
301,135.7722282409668
303,11.063098907470703
302,14.055967330932617
303,9.576082229614258
303,39.31903839111328
302,9.755849838256836
302,10.803937911987305
302,7.298946380615234
303,11.734962463378906
304,11.072158813476562
304,9.073972702026367
304,8.867025375366211
303,9.999990463256836
303,9.389162063598633
303,11.271953582763672
304,8.46099853515625
305,8.100748062133789
305,10.641813278198242
305,9.782075881958008
304,10.89024543762207
304,7.85517692565918
304,12.758970260620117
305,12.047767639160156
306,21.91781997680664
306,9.136676788330078
305,2.905130386352539
305,9.619951248168945
306,2.468109130859375
305,5.91278076171875
306,7.158994674682617
307,8.394002914428711
307,11.431217193603516
306,10.449886322021484
307,7.233142852783203
307,8.769035339355469
306,9.611845016479492
308,8.953094482421875
306,14.584064483642578
308,8.664846420288086
308,5.228996276855469
307,8.706808090209961
308,14.339923858642578
307,15.264034271240234
307,25.5889892578125
309,11.96599006652832
309,36.57102584838867
309,23.79608154296875
308,43.70284080505371
308,34.35802459716797
310,22.46713638305664
310,9.813070297241211
310,39.50309753417969
309,27.171850204467773
309,23.627042770385742
311,47.569990158081055
311,27.58193016052246
311,25.316953659057617
310,26.121139526367188
310,26.412010192871094
312,17.451047897338867
312,34.9278450012207
312,83.73808860778809
311,32.90963172912598
311,25.94733238220215
313,22.858858108520508
313,38.884878158569336
313,32.00387954711914
312,18.619060516357422
312,18.357038497924805
314,26.646137237548828
314,22.192716598510742
314,6.201267242431641
313,16.482114791870117
313,13.834953308105469
315,29.242992401123047
315,23.738861083984375
315,16.479015350341797
314,27.113914489746094
314,37.42408752441406
316,29.94370460510254
316,22.09615707397461
316,19.692182540893555
315,29.813766479492188
315,21.5299129486084
317,2.9730796813964844
317,32.53984451293945
317,18.741846084594727
316,12.629032135009766
316,26.13520622253418
318,26.87525749206543
318,38.59710693359375
318,20.56407928466797
317,24.22499656677246
317,16.729116439819336
319,48.16699028015137
319,35.06159782409668
319,26.196002960205078
318,11.699914932250977
318,13.211250305175781
320,23.94390106201172
320,16.230106353759766
320,25.403976440429688
319,33.68091583251953
319,49.69906806945801
321,22.190093994140625
321,43.9610481262207
321,80.73616027832031
320,21.031856536865234
320,19.991636276245117
322,38.21301460266113
322,28.481721878051758
322,38.197994232177734
321,32.7301025390625
321,32.871246337890625
323,19.483327865600586
323,36.53573989868164
323,48.33102226257324
322,24.507999420166016
322,16.998291015625
324,33.4010124206543
324,39.817094802856445
324,27.699947357177734
323,50.15206336975098
323,40.20404815673828
325,40.055036544799805
325,36.58914566040039
324,24.380922317504883
324,33.72001647949219
326,37.84489631652832
326,44.316768646240234
325,32.09495544433594
325,32.048940658569336
327,38.53797912597656
327,35.89892387390137
326,20.323753356933594
326,20.562171936035156
328,19.80900764465332
328,31.42094612121582
327,57.1751594543457
327,32.97829627990723
